OrderID,CustomerID,OrderDate
O001,C053,2025-06-02
O002,C017,2025-06-26
O003,C002,2025-07-01
O004,C032,2025-01-06
O005,C093,2025-01-23
O006,C061,2025-01-17
O007,C076,2025-11-08
O008,C025,2025-05-11
O009,C003,2025-10-10
O010,C069,2025-01-23
O011,C047,2025-09-09
O012,C057,2025-04-25
O013,C045,2025-02-13
O014,C100,2025-04-21
O015,C032,2025-12-02
O016,C010,2025-09-02
O017,C079,2025-06-03
O018,C078,2025-05-02
O019,C061,2025-11-10
O020,C003,2025-07-14
O021,C050,2025-11-19
O022,C034,2025-10-13
O023,C093,2025-04-21
O024,C090,2025-01-03
O025,C055,2025-03-27
O026,C018,2025-12-03
O027,C003,2025-11-09
O028,C055,2025-04-16
O029,C086,2025-02-23
O030,C029,2025-10-06
O031,C081,2025-06-24
O032,C086,2025-09-11
O033,C064,2025-07-29
O034,C080,2025-03-06
O035,C098,2025-07-12
O036,C069,2025-08-09
O037,C077,2025-06-07
O038,C002,2025-08-30
O039,C087,2025-12-08
O040,C037,2025-05-14
O041,C018,2025-05-22
O042,C084,2025-11-14
O043,C064,2025-08-02
O044,C096,2025-02-19
O045,C095,2025-02-28
O046,C040,2025-06-06
O047,C052,2025-06-08
O048,C024,2025-06-16
O049,C020,2025-01-14
O050,C050,2025-12-03
O051,C058,2025-04-18
O052,C086,2025-05-16
O053,C003,2025-02-08
O054,C024,2025-09-06
O055,C022,2025-02-08
O056,C003,2025-09-23
O057,C034,2025-11-16
O058,C032,2025-09-27
O059,C012,2025-02-27
O060,C043,2025-03-27
O061,C012,2025-01-07
O062,C002,2025-08-16
O063,C004,2025-07-21
O064,C032,2025-09-19
O065,C032,2025-03-13
O066,C082,2025-09-17
O067,C026,2025-11-22
O068,C068,2025-10-04
O069,C041,2025-06-11
O070,C007,2025-05-25
O071,C035,2025-01-07
O072,C042,2025-02-16
O073,C037,2025-03-13
O074,C087,2025-01-13
O075,C042,2025-04-29
O076,C090,2025-01-25
O077,C027,2025-07-13
O078,C013,2025-03-06
O079,C048,2025-08-05
O080,C027,2025-07-22
O081,C089,2025-04-28
O082,C005,2025-06-01
O083,C001,2025-05-28
O084,C046,2025-08-13
O085,C093,2025-11-17
O086,C092,2025-02-03
O087,C064,2025-04-28
O088,C058,2025-07-05
O089,C035,2025-05-26
O090,C100,2025-03-22
O091,C001,2025-05-06
O092,C066,2025-07-24
O093,C044,2025-08-20
O094,C093,2025-08-24
O095,C073,2025-09-21
O096,C091,2025-05-23
O097,C017,2025-08-21
O098,C068,2025-04-18
O099,C089,2025-03-05
O100,C084,2025-02-22
O101,C051,2025-10-21
O102,C026,2025-11-04
O103,C058,2025-11-17
O104,C058,2025-10-16
O105,C032,2025-04-05
O106,C001,2025-02-25
O107,C007,2025-05-13
O108,C008,2025-07-17
O109,C046,2025-10-01
O110,C081,2025-05-08
O111,C048,2025-08-31
O112,C085,2025-05-26
O113,C055,2025-09-30
O114,C035,2025-11-14
O115,C028,2025-06-11
O116,C072,2025-03-09
O117,C045,2025-08-19
O118,C055,2025-10-20
O119,C085,2025-09-21
O120,C084,2025-12-15
O121,C034,2025-11-09
O122,C074,2025-03-08
O123,C026,2025-01-31
O124,C094,2025-08-01
O125,C077,2025-01-13
O126,C071,2025-12-18
O127,C027,2025-06-19
O128,C084,2025-10-07
O129,C029,2025-04-21
O130,C006,2025-11-21
O131,C077,2025-09-08
O132,C001,2025-05-27
O133,C037,2025-11-08
O134,C097,2025-10-22
O135,C026,2025-12-21
O136,C096,2025-06-15
O137,C048,2025-02-09
O138,C072,2025-11-25
O139,C065,2025-06-25
O140,C034,2025-01-22
O141,C016,2025-12-26
O142,C066,2025-07-19
O143,C065,2025-10-29
O144,C080,2025-06-18
O145,C055,2025-07-19
O146,C070,2025-03-30
O147,C046,2025-04-19
O148,C065,2025-09-20
O149,C044,2025-06-07
O150,C054,2025-07-14
O151,C095,2025-10-15
O152,C011,2025-02-09
O153,C060,2025-10-30
O154,C056,2025-04-23
O155,C037,2025-07-04
O156,C028,2025-10-24
O157,C097,2025-12-18
O158,C066,2025-06-13
O159,C035,2025-10-31
O160,C055,2025-05-23
O161,C008,2025-07-21
O162,C053,2025-10-11
O163,C033,2025-06-24
O164,C082,2025-03-07
O165,C090,2025-01-23
O166,C085,2025-09-03
O167,C029,2025-07-03
O168,C081,2025-03-07
O169,C095,2025-10-10
O170,C058,2025-06-04
O171,C045,2025-12-22
O172,C042,2025-11-01
O173,C071,2025-09-02
O174,C081,2025-12-03
O175,C071,2025-03-02
O176,C015,2025-05-21
O177,C029,2025-08-24
O178,C093,2025-09-05
O179,C082,2025-08-02
O180,C051,2025-05-17
O181,C051,2025-04-14
O182,C055,2025-10-31
O183,C087,2025-11-04
O184,C065,2025-11-25
O185,C082,2025-11-19
O186,C059,2025-06-17
O187,C050,2025-12-19
O188,C025,2025-06-09
O189,C085,2025-11-22
O190,C047,2025-05-06
O191,C078,2025-09-16
O192,C031,2025-07-11
O193,C062,2025-02-02
O194,C063,2025-08-24
O195,C002,2025-12-14
O196,C053,2025-07-01
O197,C039,2025-03-05
O198,C075,2025-09-23
O199,C096,2025-05-06
O200,C075,2025-08-25
